email,password
1,password
2,password
3,password
4,password
5,password
6,password
7,password
8,password
9,password
10,password
11,password
12,password
13,password
14,password
15,password
16,password
17,password
18,password
19,password
20,password
21,password
22,password
23,password
24,password
25,password
26,password
27,password
28,password
29,password
30,password
31,password
32,password
33,password
34,password
35,password
36,password
37,password
38,password
39,password
40,password
41,password
42,password
43,password
44,password
45,password
46,password
47,password
48,password
49,password
50,password
51,password
52,password
53,password
54,password
55,password
56,password
57,password
58,password
59,password
60,password
61,password
62,password
63,password
64,password
65,password
66,password
67,password
68,password
69,password
70,password
71,password
72,password
73,password
74,password
75,password
76,password
77,password
78,password
79,password
80,password
81,password
82,password
83,password
84,password
85,password
86,password
87,password
88,password
89,password
90,password
91,password
92,password
93,password
94,password
95,password
96,password
97,password
98,password
99,password
100,password